{"0.8": [0.991596067830398, 0.9999299655303886, 0.9983388214513719, 0.9843155765196171, 0.9410166020974706, 0.9996757407680438, 0.9974149846993902, 0.995365163034416, 0.9982352327065588, 0.9936089190280488], "0.6": [0.9775024092128358, 0.9517099332319099, 0.9843756202857554, 0.9937671023955712, 0.861842165151733, 0.9949168326959784, 0.9947065984008677, 0.9353163726194567, 0.999994502780579, 0.9970705339983339], "0.4": [0.9843222883541571, 0.941672216961515, 0.8592266264310398, 0.8358292434236716, 0.8229794006894784, 0.9142109432202237, 0.9214524340976924, 0.9055990171573245, 0.875912673244484, 0.9886519417435944], "0.2": [0.7837716555909741, 0.926421088775044, 0.8547141938387632, 0.7469889097481229, 0.689114074824563, 0.8596450298721379, 0.8193107048045752, 0.8366605024050517, 0.8454760990165419, 0.7464658932620314], "0.0": [0.7446866153463556, 0.9312276087753304, 0.8740978259439992, 0.8202480443192618, 0.7195254088653783, 0.8520644234919366, 0.8313497875615534, 0.6438837283128843, 0.8174433805809279, 0.6630364014975874]}